;TIME_PERIOD;RAW_OBS_VALUE;COUNTRY_ISO_3;_merge;INDICATOR_NAME;INDICATOR_INDEX;INDICATOR_ISSUE;INDICATOR_CATEGORY;INDICATOR_CODE;ATTR_SOURCE;ATTR_SOURCE_BODY;ATTR_INDICATOR_DESCRIPTION;ATTR_INDICATOR_EXPLANATION;ATTR_UNIT_MEASURE;ATTR_DATA_EXTRACTION_METHDOLOGY;ATTR_SOURCE_TITLE;ATTR_API_ENDPOINT_URL;CRBA_RELEASE_YEAR;ATTR_ENCODING_LABELS
0;2021.0;VALUE WITHOUT MAPPING - PLEASE MAP;AFG;both;Online consumer protection;Marketplace;Product Safety;Legal framework national;MP_PS_LF_ONCOPR;https://unctad.org/en/Pages/DTL/STI_and_ICTs/ICT4D-Legislation/eCom-Consumer-Protection-Laws.aspx;UNCTAD;Does the country have online consumer protection legislation?;;;;E-transaction Legislation Worldwide;nan;2023;"3=Legislation; 2=Draft Legislation; 1=No Legislation; 0=No Data"
1;2021.0;3;ALB;both;Online consumer protection;Marketplace;Product Safety;Legal framework national;MP_PS_LF_ONCOPR;https://unctad.org/en/Pages/DTL/STI_and_ICTs/ICT4D-Legislation/eCom-Consumer-Protection-Laws.aspx;UNCTAD;Does the country have online consumer protection legislation?;;;;E-transaction Legislation Worldwide;nan;2023;"3=Legislation; 2=Draft Legislation; 1=No Legislation; 0=No Data"
2;2021.0;3;AND;both;Online consumer protection;Marketplace;Product Safety;Legal framework national;MP_PS_LF_ONCOPR;https://unctad.org/en/Pages/DTL/STI_and_ICTs/ICT4D-Legislation/eCom-Consumer-Protection-Laws.aspx;UNCTAD;Does the country have online consumer protection legislation?;;;;E-transaction Legislation Worldwide;nan;2023;"3=Legislation; 2=Draft Legislation; 1=No Legislation; 0=No Data"
3;2021.0;3;DZA;both;Online consumer protection;Marketplace;Product Safety;Legal framework national;MP_PS_LF_ONCOPR;https://unctad.org/en/Pages/DTL/STI_and_ICTs/ICT4D-Legislation/eCom-Consumer-Protection-Laws.aspx;UNCTAD;Does the country have online consumer protection legislation?;;;;E-transaction Legislation Worldwide;nan;2023;"3=Legislation; 2=Draft Legislation; 1=No Legislation; 0=No Data"
4;2021.0;3;AGO;both;Online consumer protection;Marketplace;Product Safety;Legal framework national;MP_PS_LF_ONCOPR;https://unctad.org/en/Pages/DTL/STI_and_ICTs/ICT4D-Legislation/eCom-Consumer-Protection-Laws.aspx;UNCTAD;Does the country have online consumer protection legislation?;;;;E-transaction Legislation Worldwide;nan;2023;"3=Legislation; 2=Draft Legislation; 1=No Legislation; 0=No Data"
5;2021.0;3;ATG;both;Online consumer protection;Marketplace;Product Safety;Legal framework national;MP_PS_LF_ONCOPR;https://unctad.org/en/Pages/DTL/STI_and_ICTs/ICT4D-Legislation/eCom-Consumer-Protection-Laws.aspx;UNCTAD;Does the country have online consumer protection legislation?;;;;E-transaction Legislation Worldwide;nan;2023;"3=Legislation; 2=Draft Legislation; 1=No Legislation; 0=No Data"
6;2021.0;3;ARG;both;Online consumer protection;Marketplace;Product Safety;Legal framework national;MP_PS_LF_ONCOPR;https://unctad.org/en/Pages/DTL/STI_and_ICTs/ICT4D-Legislation/eCom-Consumer-Protection-Laws.aspx;UNCTAD;Does the country have online consumer protection legislation?;;;;E-transaction Legislation Worldwide;nan;2023;"3=Legislation; 2=Draft Legislation; 1=No Legislation; 0=No Data"
7;2021.0;3;ARM;both;Online consumer protection;Marketplace;Product Safety;Legal framework national;MP_PS_LF_ONCOPR;https://unctad.org/en/Pages/DTL/STI_and_ICTs/ICT4D-Legislation/eCom-Consumer-Protection-Laws.aspx;UNCTAD;Does the country have online consumer protection legislation?;;;;E-transaction Legislation Worldwide;nan;2023;"3=Legislation; 2=Draft Legislation; 1=No Legislation; 0=No Data"
8;2021.0;3;AUS;both;Online consumer protection;Marketplace;Product Safety;Legal framework national;MP_PS_LF_ONCOPR;https://unctad.org/en/Pages/DTL/STI_and_ICTs/ICT4D-Legislation/eCom-Consumer-Protection-Laws.aspx;UNCTAD;Does the country have online consumer protection legislation?;;;;E-transaction Legislation Worldwide;nan;2023;"3=Legislation; 2=Draft Legislation; 1=No Legislation; 0=No Data"
9;2021.0;3;AUT;both;Online consumer protection;Marketplace;Product Safety;Legal framework national;MP_PS_LF_ONCOPR;https://unctad.org/en/Pages/DTL/STI_and_ICTs/ICT4D-Legislation/eCom-Consumer-Protection-Laws.aspx;UNCTAD;Does the country have online consumer protection legislation?;;;;E-transaction Legislation Worldwide;nan;2023;"3=Legislation; 2=Draft Legislation; 1=No Legislation; 0=No Data"
10;2021.0;3;AZE;both;Online consumer protection;Marketplace;Product Safety;Legal framework national;MP_PS_LF_ONCOPR;https://unctad.org/en/Pages/DTL/STI_and_ICTs/ICT4D-Legislation/eCom-Consumer-Protection-Laws.aspx;UNCTAD;Does the country have online consumer protection legislation?;;;;E-transaction Legislation Worldwide;nan;2023;"3=Legislation; 2=Draft Legislation; 1=No Legislation; 0=No Data"
11;2021.0;3;BHS;both;Online consumer protection;Marketplace;Product Safety;Legal framework national;MP_PS_LF_ONCOPR;https://unctad.org/en/Pages/DTL/STI_and_ICTs/ICT4D-Legislation/eCom-Consumer-Protection-Laws.aspx;UNCTAD;Does the country have online consumer protection legislation?;;;;E-transaction Legislation Worldwide;nan;2023;"3=Legislation; 2=Draft Legislation; 1=No Legislation; 0=No Data"
12;2021.0;3;BHR;both;Online consumer protection;Marketplace;Product Safety;Legal framework national;MP_PS_LF_ONCOPR;https://unctad.org/en/Pages/DTL/STI_and_ICTs/ICT4D-Legislation/eCom-Consumer-Protection-Laws.aspx;UNCTAD;Does the country have online consumer protection legislation?;;;;E-transaction Legislation Worldwide;nan;2023;"3=Legislation; 2=Draft Legislation; 1=No Legislation; 0=No Data"
13;2021.0;3;BGD;both;Online consumer protection;Marketplace;Product Safety;Legal framework national;MP_PS_LF_ONCOPR;https://unctad.org/en/Pages/DTL/STI_and_ICTs/ICT4D-Legislation/eCom-Consumer-Protection-Laws.aspx;UNCTAD;Does the country have online consumer protection legislation?;;;;E-transaction Legislation Worldwide;nan;2023;"3=Legislation; 2=Draft Legislation; 1=No Legislation; 0=No Data"
14;2021.0;3;BRB;both;Online consumer protection;Marketplace;Product Safety;Legal framework national;MP_PS_LF_ONCOPR;https://unctad.org/en/Pages/DTL/STI_and_ICTs/ICT4D-Legislation/eCom-Consumer-Protection-Laws.aspx;UNCTAD;Does the country have online consumer protection legislation?;;;;E-transaction Legislation Worldwide;nan;2023;"3=Legislation; 2=Draft Legislation; 1=No Legislation; 0=No Data"
15;2021.0;3;BLR;both;Online consumer protection;Marketplace;Product Safety;Legal framework national;MP_PS_LF_ONCOPR;https://unctad.org/en/Pages/DTL/STI_and_ICTs/ICT4D-Legislation/eCom-Consumer-Protection-Laws.aspx;UNCTAD;Does the country have online consumer protection legislation?;;;;E-transaction Legislation Worldwide;nan;2023;"3=Legislation; 2=Draft Legislation; 1=No Legislation; 0=No Data"
16;2021.0;3;BEL;both;Online consumer protection;Marketplace;Product Safety;Legal framework national;MP_PS_LF_ONCOPR;https://unctad.org/en/Pages/DTL/STI_and_ICTs/ICT4D-Legislation/eCom-Consumer-Protection-Laws.aspx;UNCTAD;Does the country have online consumer protection legislation?;;;;E-transaction Legislation Worldwide;nan;2023;"3=Legislation; 2=Draft Legislation; 1=No Legislation; 0=No Data"
17;2021.0;3;BLZ;both;Online consumer protection;Marketplace;Product Safety;Legal framework national;MP_PS_LF_ONCOPR;https://unctad.org/en/Pages/DTL/STI_and_ICTs/ICT4D-Legislation/eCom-Consumer-Protection-Laws.aspx;UNCTAD;Does the country have online consumer protection legislation?;;;;E-transaction Legislation Worldwide;nan;2023;"3=Legislation; 2=Draft Legislation; 1=No Legislation; 0=No Data"
18;2021.0;3;BEN;both;Online consumer protection;Marketplace;Product Safety;Legal framework national;MP_PS_LF_ONCOPR;https://unctad.org/en/Pages/DTL/STI_and_ICTs/ICT4D-Legislation/eCom-Consumer-Protection-Laws.aspx;UNCTAD;Does the country have online consumer protection legislation?;;;;E-transaction Legislation Worldwide;nan;2023;"3=Legislation; 2=Draft Legislation; 1=No Legislation; 0=No Data"
19;2021.0;3;BTN;both;Online consumer protection;Marketplace;Product Safety;Legal framework national;MP_PS_LF_ONCOPR;https://unctad.org/en/Pages/DTL/STI_and_ICTs/ICT4D-Legislation/eCom-Consumer-Protection-Laws.aspx;UNCTAD;Does the country have online consumer protection legislation?;;;;E-transaction Legislation Worldwide;nan;2023;"3=Legislation; 2=Draft Legislation; 1=No Legislation; 0=No Data"
20;2021.0;3;BOL;both;Online consumer protection;Marketplace;Product Safety;Legal framework national;MP_PS_LF_ONCOPR;https://unctad.org/en/Pages/DTL/STI_and_ICTs/ICT4D-Legislation/eCom-Consumer-Protection-Laws.aspx;UNCTAD;Does the country have online consumer protection legislation?;;;;E-transaction Legislation Worldwide;nan;2023;"3=Legislation; 2=Draft Legislation; 1=No Legislation; 0=No Data"
21;2021.0;3;BIH;both;Online consumer protection;Marketplace;Product Safety;Legal framework national;MP_PS_LF_ONCOPR;https://unctad.org/en/Pages/DTL/STI_and_ICTs/ICT4D-Legislation/eCom-Consumer-Protection-Laws.aspx;UNCTAD;Does the country have online consumer protection legislation?;;;;E-transaction Legislation Worldwide;nan;2023;"3=Legislation; 2=Draft Legislation; 1=No Legislation; 0=No Data"
22;2021.0;3;BWA;both;Online consumer protection;Marketplace;Product Safety;Legal framework national;MP_PS_LF_ONCOPR;https://unctad.org/en/Pages/DTL/STI_and_ICTs/ICT4D-Legislation/eCom-Consumer-Protection-Laws.aspx;UNCTAD;Does the country have online consumer protection legislation?;;;;E-transaction Legislation Worldwide;nan;2023;"3=Legislation; 2=Draft Legislation; 1=No Legislation; 0=No Data"
23;2021.0;3;BRA;both;Online consumer protection;Marketplace;Product Safety;Legal framework national;MP_PS_LF_ONCOPR;https://unctad.org/en/Pages/DTL/STI_and_ICTs/ICT4D-Legislation/eCom-Consumer-Protection-Laws.aspx;UNCTAD;Does the country have online consumer protection legislation?;;;;E-transaction Legislation Worldwide;nan;2023;"3=Legislation; 2=Draft Legislation; 1=No Legislation; 0=No Data"
24;2021.0;3;BRN;both;Online consumer protection;Marketplace;Product Safety;Legal framework national;MP_PS_LF_ONCOPR;https://unctad.org/en/Pages/DTL/STI_and_ICTs/ICT4D-Legislation/eCom-Consumer-Protection-Laws.aspx;UNCTAD;Does the country have online consumer protection legislation?;;;;E-transaction Legislation Worldwide;nan;2023;"3=Legislation; 2=Draft Legislation; 1=No Legislation; 0=No Data"
25;2021.0;3;BGR;both;Online consumer protection;Marketplace;Product Safety;Legal framework national;MP_PS_LF_ONCOPR;https://unctad.org/en/Pages/DTL/STI_and_ICTs/ICT4D-Legislation/eCom-Consumer-Protection-Laws.aspx;UNCTAD;Does the country have online consumer protection legislation?;;;;E-transaction Legislation Worldwide;nan;2023;"3=Legislation; 2=Draft Legislation; 1=No Legislation; 0=No Data"
26;2021.0;3;BFA;both;Online consumer protection;Marketplace;Product Safety;Legal framework national;MP_PS_LF_ONCOPR;https://unctad.org/en/Pages/DTL/STI_and_ICTs/ICT4D-Legislation/eCom-Consumer-Protection-Laws.aspx;UNCTAD;Does the country have online consumer protection legislation?;;;;E-transaction Legislation Worldwide;nan;2023;"3=Legislation; 2=Draft Legislation; 1=No Legislation; 0=No Data"
27;2021.0;2;BDI;both;Online consumer protection;Marketplace;Product Safety;Legal framework national;MP_PS_LF_ONCOPR;https://unctad.org/en/Pages/DTL/STI_and_ICTs/ICT4D-Legislation/eCom-Consumer-Protection-Laws.aspx;UNCTAD;Does the country have online consumer protection legislation?;;;;E-transaction Legislation Worldwide;nan;2023;"3=Legislation; 2=Draft Legislation; 1=No Legislation; 0=No Data"
28;2021.0;3;CPV;both;Online consumer protection;Marketplace;Product Safety;Legal framework national;MP_PS_LF_ONCOPR;https://unctad.org/en/Pages/DTL/STI_and_ICTs/ICT4D-Legislation/eCom-Consumer-Protection-Laws.aspx;UNCTAD;Does the country have online consumer protection legislation?;;;;E-transaction Legislation Worldwide;nan;2023;"3=Legislation; 2=Draft Legislation; 1=No Legislation; 0=No Data"
29;2021.0;3;KHM;both;Online consumer protection;Marketplace;Product Safety;Legal framework national;MP_PS_LF_ONCOPR;https://unctad.org/en/Pages/DTL/STI_and_ICTs/ICT4D-Legislation/eCom-Consumer-Protection-Laws.aspx;UNCTAD;Does the country have online consumer protection legislation?;;;;E-transaction Legislation Worldwide;nan;2023;"3=Legislation; 2=Draft Legislation; 1=No Legislation; 0=No Data"
30;2021.0;3;CMR;both;Online consumer protection;Marketplace;Product Safety;Legal framework national;MP_PS_LF_ONCOPR;https://unctad.org/en/Pages/DTL/STI_and_ICTs/ICT4D-Legislation/eCom-Consumer-Protection-Laws.aspx;UNCTAD;Does the country have online consumer protection legislation?;;;;E-transaction Legislation Worldwide;nan;2023;"3=Legislation; 2=Draft Legislation; 1=No Legislation; 0=No Data"
31;2021.0;3;CAN;both;Online consumer protection;Marketplace;Product Safety;Legal framework national;MP_PS_LF_ONCOPR;https://unctad.org/en/Pages/DTL/STI_and_ICTs/ICT4D-Legislation/eCom-Consumer-Protection-Laws.aspx;UNCTAD;Does the country have online consumer protection legislation?;;;;E-transaction Legislation Worldwide;nan;2023;"3=Legislation; 2=Draft Legislation; 1=No Legislation; 0=No Data"
32;2021.0;0;CAF;both;Online consumer protection;Marketplace;Product Safety;Legal framework national;MP_PS_LF_ONCOPR;https://unctad.org/en/Pages/DTL/STI_and_ICTs/ICT4D-Legislation/eCom-Consumer-Protection-Laws.aspx;UNCTAD;Does the country have online consumer protection legislation?;;;;E-transaction Legislation Worldwide;nan;2023;"3=Legislation; 2=Draft Legislation; 1=No Legislation; 0=No Data"
33;2021.0;0;TCD;both;Online consumer protection;Marketplace;Product Safety;Legal framework national;MP_PS_LF_ONCOPR;https://unctad.org/en/Pages/DTL/STI_and_ICTs/ICT4D-Legislation/eCom-Consumer-Protection-Laws.aspx;UNCTAD;Does the country have online consumer protection legislation?;;;;E-transaction Legislation Worldwide;nan;2023;"3=Legislation; 2=Draft Legislation; 1=No Legislation; 0=No Data"
34;2021.0;3;CHL;both;Online consumer protection;Marketplace;Product Safety;Legal framework national;MP_PS_LF_ONCOPR;https://unctad.org/en/Pages/DTL/STI_and_ICTs/ICT4D-Legislation/eCom-Consumer-Protection-Laws.aspx;UNCTAD;Does the country have online consumer protection legislation?;;;;E-transaction Legislation Worldwide;nan;2023;"3=Legislation; 2=Draft Legislation; 1=No Legislation; 0=No Data"
35;2021.0;3;CHN;both;Online consumer protection;Marketplace;Product Safety;Legal framework national;MP_PS_LF_ONCOPR;https://unctad.org/en/Pages/DTL/STI_and_ICTs/ICT4D-Legislation/eCom-Consumer-Protection-Laws.aspx;UNCTAD;Does the country have online consumer protection legislation?;;;;E-transaction Legislation Worldwide;nan;2023;"3=Legislation; 2=Draft Legislation; 1=No Legislation; 0=No Data"
36;2021.0;3;COL;both;Online consumer protection;Marketplace;Product Safety;Legal framework national;MP_PS_LF_ONCOPR;https://unctad.org/en/Pages/DTL/STI_and_ICTs/ICT4D-Legislation/eCom-Consumer-Protection-Laws.aspx;UNCTAD;Does the country have online consumer protection legislation?;;;;E-transaction Legislation Worldwide;nan;2023;"3=Legislation; 2=Draft Legislation; 1=No Legislation; 0=No Data"
37;2021.0;1;COM;both;Online consumer protection;Marketplace;Product Safety;Legal framework national;MP_PS_LF_ONCOPR;https://unctad.org/en/Pages/DTL/STI_and_ICTs/ICT4D-Legislation/eCom-Consumer-Protection-Laws.aspx;UNCTAD;Does the country have online consumer protection legislation?;;;;E-transaction Legislation Worldwide;nan;2023;"3=Legislation; 2=Draft Legislation; 1=No Legislation; 0=No Data"
38;2021.0;1;COG;both;Online consumer protection;Marketplace;Product Safety;Legal framework national;MP_PS_LF_ONCOPR;https://unctad.org/en/Pages/DTL/STI_and_ICTs/ICT4D-Legislation/eCom-Consumer-Protection-Laws.aspx;UNCTAD;Does the country have online consumer protection legislation?;;;;E-transaction Legislation Worldwide;nan;2023;"3=Legislation; 2=Draft Legislation; 1=No Legislation; 0=No Data"
39;2021.0;2;COD;both;Online consumer protection;Marketplace;Product Safety;Legal framework national;MP_PS_LF_ONCOPR;https://unctad.org/en/Pages/DTL/STI_and_ICTs/ICT4D-Legislation/eCom-Consumer-Protection-Laws.aspx;UNCTAD;Does the country have online consumer protection legislation?;;;;E-transaction Legislation Worldwide;nan;2023;"3=Legislation; 2=Draft Legislation; 1=No Legislation; 0=No Data"
40;2021.0;3;CRI;both;Online consumer protection;Marketplace;Product Safety;Legal framework national;MP_PS_LF_ONCOPR;https://unctad.org/en/Pages/DTL/STI_and_ICTs/ICT4D-Legislation/eCom-Consumer-Protection-Laws.aspx;UNCTAD;Does the country have online consumer protection legislation?;;;;E-transaction Legislation Worldwide;nan;2023;"3=Legislation; 2=Draft Legislation; 1=No Legislation; 0=No Data"
41;2021.0;3;CIV;both;Online consumer protection;Marketplace;Product Safety;Legal framework national;MP_PS_LF_ONCOPR;https://unctad.org/en/Pages/DTL/STI_and_ICTs/ICT4D-Legislation/eCom-Consumer-Protection-Laws.aspx;UNCTAD;Does the country have online consumer protection legislation?;;;;E-transaction Legislation Worldwide;nan;2023;"3=Legislation; 2=Draft Legislation; 1=No Legislation; 0=No Data"
42;2021.0;3;HRV;both;Online consumer protection;Marketplace;Product Safety;Legal framework national;MP_PS_LF_ONCOPR;https://unctad.org/en/Pages/DTL/STI_and_ICTs/ICT4D-Legislation/eCom-Consumer-Protection-Laws.aspx;UNCTAD;Does the country have online consumer protection legislation?;;;;E-transaction Legislation Worldwide;nan;2023;"3=Legislation; 2=Draft Legislation; 1=No Legislation; 0=No Data"
43;2021.0;2;CUB;both;Online consumer protection;Marketplace;Product Safety;Legal framework national;MP_PS_LF_ONCOPR;https://unctad.org/en/Pages/DTL/STI_and_ICTs/ICT4D-Legislation/eCom-Consumer-Protection-Laws.aspx;UNCTAD;Does the country have online consumer protection legislation?;;;;E-transaction Legislation Worldwide;nan;2023;"3=Legislation; 2=Draft Legislation; 1=No Legislation; 0=No Data"
44;2021.0;3;CYP;both;Online consumer protection;Marketplace;Product Safety;Legal framework national;MP_PS_LF_ONCOPR;https://unctad.org/en/Pages/DTL/STI_and_ICTs/ICT4D-Legislation/eCom-Consumer-Protection-Laws.aspx;UNCTAD;Does the country have online consumer protection legislation?;;;;E-transaction Legislation Worldwide;nan;2023;"3=Legislation; 2=Draft Legislation; 1=No Legislation; 0=No Data"
45;2021.0;3;CZE;both;Online consumer protection;Marketplace;Product Safety;Legal framework national;MP_PS_LF_ONCOPR;https://unctad.org/en/Pages/DTL/STI_and_ICTs/ICT4D-Legislation/eCom-Consumer-Protection-Laws.aspx;UNCTAD;Does the country have online consumer protection legislation?;;;;E-transaction Legislation Worldwide;nan;2023;"3=Legislation; 2=Draft Legislation; 1=No Legislation; 0=No Data"
46;2021.0;3;DNK;both;Online consumer protection;Marketplace;Product Safety;Legal framework national;MP_PS_LF_ONCOPR;https://unctad.org/en/Pages/DTL/STI_and_ICTs/ICT4D-Legislation/eCom-Consumer-Protection-Laws.aspx;UNCTAD;Does the country have online consumer protection legislation?;;;;E-transaction Legislation Worldwide;nan;2023;"3=Legislation; 2=Draft Legislation; 1=No Legislation; 0=No Data"
47;2021.0;1;DJI;both;Online consumer protection;Marketplace;Product Safety;Legal framework national;MP_PS_LF_ONCOPR;https://unctad.org/en/Pages/DTL/STI_and_ICTs/ICT4D-Legislation/eCom-Consumer-Protection-Laws.aspx;UNCTAD;Does the country have online consumer protection legislation?;;;;E-transaction Legislation Worldwide;nan;2023;"3=Legislation; 2=Draft Legislation; 1=No Legislation; 0=No Data"
48;2021.0;3;DMA;both;Online consumer protection;Marketplace;Product Safety;Legal framework national;MP_PS_LF_ONCOPR;https://unctad.org/en/Pages/DTL/STI_and_ICTs/ICT4D-Legislation/eCom-Consumer-Protection-Laws.aspx;UNCTAD;Does the country have online consumer protection legislation?;;;;E-transaction Legislation Worldwide;nan;2023;"3=Legislation; 2=Draft Legislation; 1=No Legislation; 0=No Data"
49;2021.0;3;DOM;both;Online consumer protection;Marketplace;Product Safety;Legal framework national;MP_PS_LF_ONCOPR;https://unctad.org/en/Pages/DTL/STI_and_ICTs/ICT4D-Legislation/eCom-Consumer-Protection-Laws.aspx;UNCTAD;Does the country have online consumer protection legislation?;;;;E-transaction Legislation Worldwide;nan;2023;"3=Legislation; 2=Draft Legislation; 1=No Legislation; 0=No Data"
50;2021.0;3;ECU;both;Online consumer protection;Marketplace;Product Safety;Legal framework national;MP_PS_LF_ONCOPR;https://unctad.org/en/Pages/DTL/STI_and_ICTs/ICT4D-Legislation/eCom-Consumer-Protection-Laws.aspx;UNCTAD;Does the country have online consumer protection legislation?;;;;E-transaction Legislation Worldwide;nan;2023;"3=Legislation; 2=Draft Legislation; 1=No Legislation; 0=No Data"
51;2021.0;3;EGY;both;Online consumer protection;Marketplace;Product Safety;Legal framework national;MP_PS_LF_ONCOPR;https://unctad.org/en/Pages/DTL/STI_and_ICTs/ICT4D-Legislation/eCom-Consumer-Protection-Laws.aspx;UNCTAD;Does the country have online consumer protection legislation?;;;;E-transaction Legislation Worldwide;nan;2023;"3=Legislation; 2=Draft Legislation; 1=No Legislation; 0=No Data"
52;2021.0;3;SLV;both;Online consumer protection;Marketplace;Product Safety;Legal framework national;MP_PS_LF_ONCOPR;https://unctad.org/en/Pages/DTL/STI_and_ICTs/ICT4D-Legislation/eCom-Consumer-Protection-Laws.aspx;UNCTAD;Does the country have online consumer protection legislation?;;;;E-transaction Legislation Worldwide;nan;2023;"3=Legislation; 2=Draft Legislation; 1=No Legislation; 0=No Data"
53;2021.0;0;GNQ;both;Online consumer protection;Marketplace;Product Safety;Legal framework national;MP_PS_LF_ONCOPR;https://unctad.org/en/Pages/DTL/STI_and_ICTs/ICT4D-Legislation/eCom-Consumer-Protection-Laws.aspx;UNCTAD;Does the country have online consumer protection legislation?;;;;E-transaction Legislation Worldwide;nan;2023;"3=Legislation; 2=Draft Legislation; 1=No Legislation; 0=No Data"
54;2021.0;0;ERI;both;Online consumer protection;Marketplace;Product Safety;Legal framework national;MP_PS_LF_ONCOPR;https://unctad.org/en/Pages/DTL/STI_and_ICTs/ICT4D-Legislation/eCom-Consumer-Protection-Laws.aspx;UNCTAD;Does the country have online consumer protection legislation?;;;;E-transaction Legislation Worldwide;nan;2023;"3=Legislation; 2=Draft Legislation; 1=No Legislation; 0=No Data"
55;2021.0;3;EST;both;Online consumer protection;Marketplace;Product Safety;Legal framework national;MP_PS_LF_ONCOPR;https://unctad.org/en/Pages/DTL/STI_and_ICTs/ICT4D-Legislation/eCom-Consumer-Protection-Laws.aspx;UNCTAD;Does the country have online consumer protection legislation?;;;;E-transaction Legislation Worldwide;nan;2023;"3=Legislation; 2=Draft Legislation; 1=No Legislation; 0=No Data"
56;2021.0;0;SWZ;both;Online consumer protection;Marketplace;Product Safety;Legal framework national;MP_PS_LF_ONCOPR;https://unctad.org/en/Pages/DTL/STI_and_ICTs/ICT4D-Legislation/eCom-Consumer-Protection-Laws.aspx;UNCTAD;Does the country have online consumer protection legislation?;;;;E-transaction Legislation Worldwide;nan;2023;"3=Legislation; 2=Draft Legislation; 1=No Legislation; 0=No Data"
57;2021.0;3;ETH;both;Online consumer protection;Marketplace;Product Safety;Legal framework national;MP_PS_LF_ONCOPR;https://unctad.org/en/Pages/DTL/STI_and_ICTs/ICT4D-Legislation/eCom-Consumer-Protection-Laws.aspx;UNCTAD;Does the country have online consumer protection legislation?;;;;E-transaction Legislation Worldwide;nan;2023;"3=Legislation; 2=Draft Legislation; 1=No Legislation; 0=No Data"
58;2021.0;3;FJI;both;Online consumer protection;Marketplace;Product Safety;Legal framework national;MP_PS_LF_ONCOPR;https://unctad.org/en/Pages/DTL/STI_and_ICTs/ICT4D-Legislation/eCom-Consumer-Protection-Laws.aspx;UNCTAD;Does the country have online consumer protection legislation?;;;;E-transaction Legislation Worldwide;nan;2023;"3=Legislation; 2=Draft Legislation; 1=No Legislation; 0=No Data"
59;2021.0;3;FIN;both;Online consumer protection;Marketplace;Product Safety;Legal framework national;MP_PS_LF_ONCOPR;https://unctad.org/en/Pages/DTL/STI_and_ICTs/ICT4D-Legislation/eCom-Consumer-Protection-Laws.aspx;UNCTAD;Does the country have online consumer protection legislation?;;;;E-transaction Legislation Worldwide;nan;2023;"3=Legislation; 2=Draft Legislation; 1=No Legislation; 0=No Data"
60;2021.0;3;FRA;both;Online consumer protection;Marketplace;Product Safety;Legal framework national;MP_PS_LF_ONCOPR;https://unctad.org/en/Pages/DTL/STI_and_ICTs/ICT4D-Legislation/eCom-Consumer-Protection-Laws.aspx;UNCTAD;Does the country have online consumer protection legislation?;;;;E-transaction Legislation Worldwide;nan;2023;"3=Legislation; 2=Draft Legislation; 1=No Legislation; 0=No Data"
61;2021.0;0;GAB;both;Online consumer protection;Marketplace;Product Safety;Legal framework national;MP_PS_LF_ONCOPR;https://unctad.org/en/Pages/DTL/STI_and_ICTs/ICT4D-Legislation/eCom-Consumer-Protection-Laws.aspx;UNCTAD;Does the country have online consumer protection legislation?;;;;E-transaction Legislation Worldwide;nan;2023;"3=Legislation; 2=Draft Legislation; 1=No Legislation; 0=No Data"
62;2021.0;3;GMB;both;Online consumer protection;Marketplace;Product Safety;Legal framework national;MP_PS_LF_ONCOPR;https://unctad.org/en/Pages/DTL/STI_and_ICTs/ICT4D-Legislation/eCom-Consumer-Protection-Laws.aspx;UNCTAD;Does the country have online consumer protection legislation?;;;;E-transaction Legislation Worldwide;nan;2023;"3=Legislation; 2=Draft Legislation; 1=No Legislation; 0=No Data"
63;2021.0;3;GEO;both;Online consumer protection;Marketplace;Product Safety;Legal framework national;MP_PS_LF_ONCOPR;https://unctad.org/en/Pages/DTL/STI_and_ICTs/ICT4D-Legislation/eCom-Consumer-Protection-Laws.aspx;UNCTAD;Does the country have online consumer protection legislation?;;;;E-transaction Legislation Worldwide;nan;2023;"3=Legislation; 2=Draft Legislation; 1=No Legislation; 0=No Data"
64;2021.0;3;DEU;both;Online consumer protection;Marketplace;Product Safety;Legal framework national;MP_PS_LF_ONCOPR;https://unctad.org/en/Pages/DTL/STI_and_ICTs/ICT4D-Legislation/eCom-Consumer-Protection-Laws.aspx;UNCTAD;Does the country have online consumer protection legislation?;;;;E-transaction Legislation Worldwide;nan;2023;"3=Legislation; 2=Draft Legislation; 1=No Legislation; 0=No Data"
65;2021.0;3;GHA;both;Online consumer protection;Marketplace;Product Safety;Legal framework national;MP_PS_LF_ONCOPR;https://unctad.org/en/Pages/DTL/STI_and_ICTs/ICT4D-Legislation/eCom-Consumer-Protection-Laws.aspx;UNCTAD;Does the country have online consumer protection legislation?;;;;E-transaction Legislation Worldwide;nan;2023;"3=Legislation; 2=Draft Legislation; 1=No Legislation; 0=No Data"
66;2021.0;3;GRC;both;Online consumer protection;Marketplace;Product Safety;Legal framework national;MP_PS_LF_ONCOPR;https://unctad.org/en/Pages/DTL/STI_and_ICTs/ICT4D-Legislation/eCom-Consumer-Protection-Laws.aspx;UNCTAD;Does the country have online consumer protection legislation?;;;;E-transaction Legislation Worldwide;nan;2023;"3=Legislation; 2=Draft Legislation; 1=No Legislation; 0=No Data"
67;2021.0;3;GRD;both;Online consumer protection;Marketplace;Product Safety;Legal framework national;MP_PS_LF_ONCOPR;https://unctad.org/en/Pages/DTL/STI_and_ICTs/ICT4D-Legislation/eCom-Consumer-Protection-Laws.aspx;UNCTAD;Does the country have online consumer protection legislation?;;;;E-transaction Legislation Worldwide;nan;2023;"3=Legislation; 2=Draft Legislation; 1=No Legislation; 0=No Data"
68;2021.0;3;GTM;both;Online consumer protection;Marketplace;Product Safety;Legal framework national;MP_PS_LF_ONCOPR;https://unctad.org/en/Pages/DTL/STI_and_ICTs/ICT4D-Legislation/eCom-Consumer-Protection-Laws.aspx;UNCTAD;Does the country have online consumer protection legislation?;;;;E-transaction Legislation Worldwide;nan;2023;"3=Legislation; 2=Draft Legislation; 1=No Legislation; 0=No Data"
69;2021.0;3;GIN;both;Online consumer protection;Marketplace;Product Safety;Legal framework national;MP_PS_LF_ONCOPR;https://unctad.org/en/Pages/DTL/STI_and_ICTs/ICT4D-Legislation/eCom-Consumer-Protection-Laws.aspx;UNCTAD;Does the country have online consumer protection legislation?;;;;E-transaction Legislation Worldwide;nan;2023;"3=Legislation; 2=Draft Legislation; 1=No Legislation; 0=No Data"
70;2021.0;1;GNB;both;Online consumer protection;Marketplace;Product Safety;Legal framework national;MP_PS_LF_ONCOPR;https://unctad.org/en/Pages/DTL/STI_and_ICTs/ICT4D-Legislation/eCom-Consumer-Protection-Laws.aspx;UNCTAD;Does the country have online consumer protection legislation?;;;;E-transaction Legislation Worldwide;nan;2023;"3=Legislation; 2=Draft Legislation; 1=No Legislation; 0=No Data"
71;2021.0;2;GUY;both;Online consumer protection;Marketplace;Product Safety;Legal framework national;MP_PS_LF_ONCOPR;https://unctad.org/en/Pages/DTL/STI_and_ICTs/ICT4D-Legislation/eCom-Consumer-Protection-Laws.aspx;UNCTAD;Does the country have online consumer protection legislation?;;;;E-transaction Legislation Worldwide;nan;2023;"3=Legislation; 2=Draft Legislation; 1=No Legislation; 0=No Data"
72;2021.0;3;HTI;both;Online consumer protection;Marketplace;Product Safety;Legal framework national;MP_PS_LF_ONCOPR;https://unctad.org/en/Pages/DTL/STI_and_ICTs/ICT4D-Legislation/eCom-Consumer-Protection-Laws.aspx;UNCTAD;Does the country have online consumer protection legislation?;;;;E-transaction Legislation Worldwide;nan;2023;"3=Legislation; 2=Draft Legislation; 1=No Legislation; 0=No Data"
73;2021.0;3;HND;both;Online consumer protection;Marketplace;Product Safety;Legal framework national;MP_PS_LF_ONCOPR;https://unctad.org/en/Pages/DTL/STI_and_ICTs/ICT4D-Legislation/eCom-Consumer-Protection-Laws.aspx;UNCTAD;Does the country have online consumer protection legislation?;;;;E-transaction Legislation Worldwide;nan;2023;"3=Legislation; 2=Draft Legislation; 1=No Legislation; 0=No Data"
74;2021.0;3;HUN;both;Online consumer protection;Marketplace;Product Safety;Legal framework national;MP_PS_LF_ONCOPR;https://unctad.org/en/Pages/DTL/STI_and_ICTs/ICT4D-Legislation/eCom-Consumer-Protection-Laws.aspx;UNCTAD;Does the country have online consumer protection legislation?;;;;E-transaction Legislation Worldwide;nan;2023;"3=Legislation; 2=Draft Legislation; 1=No Legislation; 0=No Data"
75;2021.0;3;ISL;both;Online consumer protection;Marketplace;Product Safety;Legal framework national;MP_PS_LF_ONCOPR;https://unctad.org/en/Pages/DTL/STI_and_ICTs/ICT4D-Legislation/eCom-Consumer-Protection-Laws.aspx;UNCTAD;Does the country have online consumer protection legislation?;;;;E-transaction Legislation Worldwide;nan;2023;"3=Legislation; 2=Draft Legislation; 1=No Legislation; 0=No Data"
76;2021.0;3;IND;both;Online consumer protection;Marketplace;Product Safety;Legal framework national;MP_PS_LF_ONCOPR;https://unctad.org/en/Pages/DTL/STI_and_ICTs/ICT4D-Legislation/eCom-Consumer-Protection-Laws.aspx;UNCTAD;Does the country have online consumer protection legislation?;;;;E-transaction Legislation Worldwide;nan;2023;"3=Legislation; 2=Draft Legislation; 1=No Legislation; 0=No Data"
77;2021.0;3;IDN;both;Online consumer protection;Marketplace;Product Safety;Legal framework national;MP_PS_LF_ONCOPR;https://unctad.org/en/Pages/DTL/STI_and_ICTs/ICT4D-Legislation/eCom-Consumer-Protection-Laws.aspx;UNCTAD;Does the country have online consumer protection legislation?;;;;E-transaction Legislation Worldwide;nan;2023;"3=Legislation; 2=Draft Legislation; 1=No Legislation; 0=No Data"
78;2021.0;3;IRN;both;Online consumer protection;Marketplace;Product Safety;Legal framework national;MP_PS_LF_ONCOPR;https://unctad.org/en/Pages/DTL/STI_and_ICTs/ICT4D-Legislation/eCom-Consumer-Protection-Laws.aspx;UNCTAD;Does the country have online consumer protection legislation?;;;;E-transaction Legislation Worldwide;nan;2023;"3=Legislation; 2=Draft Legislation; 1=No Legislation; 0=No Data"
79;2021.0;3;IRQ;both;Online consumer protection;Marketplace;Product Safety;Legal framework national;MP_PS_LF_ONCOPR;https://unctad.org/en/Pages/DTL/STI_and_ICTs/ICT4D-Legislation/eCom-Consumer-Protection-Laws.aspx;UNCTAD;Does the country have online consumer protection legislation?;;;;E-transaction Legislation Worldwide;nan;2023;"3=Legislation; 2=Draft Legislation; 1=No Legislation; 0=No Data"
80;2021.0;3;IRL;both;Online consumer protection;Marketplace;Product Safety;Legal framework national;MP_PS_LF_ONCOPR;https://unctad.org/en/Pages/DTL/STI_and_ICTs/ICT4D-Legislation/eCom-Consumer-Protection-Laws.aspx;UNCTAD;Does the country have online consumer protection legislation?;;;;E-transaction Legislation Worldwide;nan;2023;"3=Legislation; 2=Draft Legislation; 1=No Legislation; 0=No Data"
81;2021.0;3;ISR;both;Online consumer protection;Marketplace;Product Safety;Legal framework national;MP_PS_LF_ONCOPR;https://unctad.org/en/Pages/DTL/STI_and_ICTs/ICT4D-Legislation/eCom-Consumer-Protection-Laws.aspx;UNCTAD;Does the country have online consumer protection legislation?;;;;E-transaction Legislation Worldwide;nan;2023;"3=Legislation; 2=Draft Legislation; 1=No Legislation; 0=No Data"
82;2021.0;3;ITA;both;Online consumer protection;Marketplace;Product Safety;Legal framework national;MP_PS_LF_ONCOPR;https://unctad.org/en/Pages/DTL/STI_and_ICTs/ICT4D-Legislation/eCom-Consumer-Protection-Laws.aspx;UNCTAD;Does the country have online consumer protection legislation?;;;;E-transaction Legislation Worldwide;nan;2023;"3=Legislation; 2=Draft Legislation; 1=No Legislation; 0=No Data"
83;2021.0;3;JAM;both;Online consumer protection;Marketplace;Product Safety;Legal framework national;MP_PS_LF_ONCOPR;https://unctad.org/en/Pages/DTL/STI_and_ICTs/ICT4D-Legislation/eCom-Consumer-Protection-Laws.aspx;UNCTAD;Does the country have online consumer protection legislation?;;;;E-transaction Legislation Worldwide;nan;2023;"3=Legislation; 2=Draft Legislation; 1=No Legislation; 0=No Data"
84;2021.0;3;JPN;both;Online consumer protection;Marketplace;Product Safety;Legal framework national;MP_PS_LF_ONCOPR;https://unctad.org/en/Pages/DTL/STI_and_ICTs/ICT4D-Legislation/eCom-Consumer-Protection-Laws.aspx;UNCTAD;Does the country have online consumer protection legislation?;;;;E-transaction Legislation Worldwide;nan;2023;"3=Legislation; 2=Draft Legislation; 1=No Legislation; 0=No Data"
85;2021.0;3;JOR;both;Online consumer protection;Marketplace;Product Safety;Legal framework national;MP_PS_LF_ONCOPR;https://unctad.org/en/Pages/DTL/STI_and_ICTs/ICT4D-Legislation/eCom-Consumer-Protection-Laws.aspx;UNCTAD;Does the country have online consumer protection legislation?;;;;E-transaction Legislation Worldwide;nan;2023;"3=Legislation; 2=Draft Legislation; 1=No Legislation; 0=No Data"
86;2021.0;3;KAZ;both;Online consumer protection;Marketplace;Product Safety;Legal framework national;MP_PS_LF_ONCOPR;https://unctad.org/en/Pages/DTL/STI_and_ICTs/ICT4D-Legislation/eCom-Consumer-Protection-Laws.aspx;UNCTAD;Does the country have online consumer protection legislation?;;;;E-transaction Legislation Worldwide;nan;2023;"3=Legislation; 2=Draft Legislation; 1=No Legislation; 0=No Data"
87;2021.0;3;KEN;both;Online consumer protection;Marketplace;Product Safety;Legal framework national;MP_PS_LF_ONCOPR;https://unctad.org/en/Pages/DTL/STI_and_ICTs/ICT4D-Legislation/eCom-Consumer-Protection-Laws.aspx;UNCTAD;Does the country have online consumer protection legislation?;;;;E-transaction Legislation Worldwide;nan;2023;"3=Legislation; 2=Draft Legislation; 1=No Legislation; 0=No Data"
88;2021.0;1;KIR;both;Online consumer protection;Marketplace;Product Safety;Legal framework national;MP_PS_LF_ONCOPR;https://unctad.org/en/Pages/DTL/STI_and_ICTs/ICT4D-Legislation/eCom-Consumer-Protection-Laws.aspx;UNCTAD;Does the country have online consumer protection legislation?;;;;E-transaction Legislation Worldwide;nan;2023;"3=Legislation; 2=Draft Legislation; 1=No Legislation; 0=No Data"
89;2021.0;0;PRK;both;Online consumer protection;Marketplace;Product Safety;Legal framework national;MP_PS_LF_ONCOPR;https://unctad.org/en/Pages/DTL/STI_and_ICTs/ICT4D-Legislation/eCom-Consumer-Protection-Laws.aspx;UNCTAD;Does the country have online consumer protection legislation?;;;;E-transaction Legislation Worldwide;nan;2023;"3=Legislation; 2=Draft Legislation; 1=No Legislation; 0=No Data"
90;2021.0;3;KOR;both;Online consumer protection;Marketplace;Product Safety;Legal framework national;MP_PS_LF_ONCOPR;https://unctad.org/en/Pages/DTL/STI_and_ICTs/ICT4D-Legislation/eCom-Consumer-Protection-Laws.aspx;UNCTAD;Does the country have online consumer protection legislation?;;;;E-transaction Legislation Worldwide;nan;2023;"3=Legislation; 2=Draft Legislation; 1=No Legislation; 0=No Data"
91;2023.0;0;XKX;right_only;Online consumer protection;Marketplace;Product Safety;Legal framework national;MP_PS_LF_ONCOPR;https://unctad.org/en/Pages/DTL/STI_and_ICTs/ICT4D-Legislation/eCom-Consumer-Protection-Laws.aspx;UNCTAD;Does the country have online consumer protection legislation?;;;;E-transaction Legislation Worldwide;nan;2023;"3=Legislation; 2=Draft Legislation; 1=No Legislation; 0=No Data"
92;2021.0;3;KWT;both;Online consumer protection;Marketplace;Product Safety;Legal framework national;MP_PS_LF_ONCOPR;https://unctad.org/en/Pages/DTL/STI_and_ICTs/ICT4D-Legislation/eCom-Consumer-Protection-Laws.aspx;UNCTAD;Does the country have online consumer protection legislation?;;;;E-transaction Legislation Worldwide;nan;2023;"3=Legislation; 2=Draft Legislation; 1=No Legislation; 0=No Data"
93;2021.0;3;KGZ;both;Online consumer protection;Marketplace;Product Safety;Legal framework national;MP_PS_LF_ONCOPR;https://unctad.org/en/Pages/DTL/STI_and_ICTs/ICT4D-Legislation/eCom-Consumer-Protection-Laws.aspx;UNCTAD;Does the country have online consumer protection legislation?;;;;E-transaction Legislation Worldwide;nan;2023;"3=Legislation; 2=Draft Legislation; 1=No Legislation; 0=No Data"
94;2021.0;3;LAO;both;Online consumer protection;Marketplace;Product Safety;Legal framework national;MP_PS_LF_ONCOPR;https://unctad.org/en/Pages/DTL/STI_and_ICTs/ICT4D-Legislation/eCom-Consumer-Protection-Laws.aspx;UNCTAD;Does the country have online consumer protection legislation?;;;;E-transaction Legislation Worldwide;nan;2023;"3=Legislation; 2=Draft Legislation; 1=No Legislation; 0=No Data"
95;2021.0;3;LVA;both;Online consumer protection;Marketplace;Product Safety;Legal framework national;MP_PS_LF_ONCOPR;https://unctad.org/en/Pages/DTL/STI_and_ICTs/ICT4D-Legislation/eCom-Consumer-Protection-Laws.aspx;UNCTAD;Does the country have online consumer protection legislation?;;;;E-transaction Legislation Worldwide;nan;2023;"3=Legislation; 2=Draft Legislation; 1=No Legislation; 0=No Data"
96;2021.0;3;LBN;both;Online consumer protection;Marketplace;Product Safety;Legal framework national;MP_PS_LF_ONCOPR;https://unctad.org/en/Pages/DTL/STI_and_ICTs/ICT4D-Legislation/eCom-Consumer-Protection-Laws.aspx;UNCTAD;Does the country have online consumer protection legislation?;;;;E-transaction Legislation Worldwide;nan;2023;"3=Legislation; 2=Draft Legislation; 1=No Legislation; 0=No Data"
97;2021.0;2;LSO;both;Online consumer protection;Marketplace;Product Safety;Legal framework national;MP_PS_LF_ONCOPR;https://unctad.org/en/Pages/DTL/STI_and_ICTs/ICT4D-Legislation/eCom-Consumer-Protection-Laws.aspx;UNCTAD;Does the country have online consumer protection legislation?;;;;E-transaction Legislation Worldwide;nan;2023;"3=Legislation; 2=Draft Legislation; 1=No Legislation; 0=No Data"
98;2021.0;3;LBR;both;Online consumer protection;Marketplace;Product Safety;Legal framework national;MP_PS_LF_ONCOPR;https://unctad.org/en/Pages/DTL/STI_and_ICTs/ICT4D-Legislation/eCom-Consumer-Protection-Laws.aspx;UNCTAD;Does the country have online consumer protection legislation?;;;;E-transaction Legislation Worldwide;nan;2023;"3=Legislation; 2=Draft Legislation; 1=No Legislation; 0=No Data"
99;2021.0;1;LBY;both;Online consumer protection;Marketplace;Product Safety;Legal framework national;MP_PS_LF_ONCOPR;https://unctad.org/en/Pages/DTL/STI_and_ICTs/ICT4D-Legislation/eCom-Consumer-Protection-Laws.aspx;UNCTAD;Does the country have online consumer protection legislation?;;;;E-transaction Legislation Worldwide;nan;2023;"3=Legislation; 2=Draft Legislation; 1=No Legislation; 0=No Data"
100;2021.0;3;LIE;both;Online consumer protection;Marketplace;Product Safety;Legal framework national;MP_PS_LF_ONCOPR;https://unctad.org/en/Pages/DTL/STI_and_ICTs/ICT4D-Legislation/eCom-Consumer-Protection-Laws.aspx;UNCTAD;Does the country have online consumer protection legislation?;;;;E-transaction Legislation Worldwide;nan;2023;"3=Legislation; 2=Draft Legislation; 1=No Legislation; 0=No Data"
101;2021.0;3;LTU;both;Online consumer protection;Marketplace;Product Safety;Legal framework national;MP_PS_LF_ONCOPR;https://unctad.org/en/Pages/DTL/STI_and_ICTs/ICT4D-Legislation/eCom-Consumer-Protection-Laws.aspx;UNCTAD;Does the country have online consumer protection legislation?;;;;E-transaction Legislation Worldwide;nan;2023;"3=Legislation; 2=Draft Legislation; 1=No Legislation; 0=No Data"
102;2021.0;3;LUX;both;Online consumer protection;Marketplace;Product Safety;Legal framework national;MP_PS_LF_ONCOPR;https://unctad.org/en/Pages/DTL/STI_and_ICTs/ICT4D-Legislation/eCom-Consumer-Protection-Laws.aspx;UNCTAD;Does the country have online consumer protection legislation?;;;;E-transaction Legislation Worldwide;nan;2023;"3=Legislation; 2=Draft Legislation; 1=No Legislation; 0=No Data"
103;2021.0;3;MKD;both;Online consumer protection;Marketplace;Product Safety;Legal framework national;MP_PS_LF_ONCOPR;https://unctad.org/en/Pages/DTL/STI_and_ICTs/ICT4D-Legislation/eCom-Consumer-Protection-Laws.aspx;UNCTAD;Does the country have online consumer protection legislation?;;;;E-transaction Legislation Worldwide;nan;2023;"3=Legislation; 2=Draft Legislation; 1=No Legislation; 0=No Data"
104;2021.0;3;MDG;both;Online consumer protection;Marketplace;Product Safety;Legal framework national;MP_PS_LF_ONCOPR;https://unctad.org/en/Pages/DTL/STI_and_ICTs/ICT4D-Legislation/eCom-Consumer-Protection-Laws.aspx;UNCTAD;Does the country have online consumer protection legislation?;;;;E-transaction Legislation Worldwide;nan;2023;"3=Legislation; 2=Draft Legislation; 1=No Legislation; 0=No Data"
105;2021.0;3;MWI;both;Online consumer protection;Marketplace;Product Safety;Legal framework national;MP_PS_LF_ONCOPR;https://unctad.org/en/Pages/DTL/STI_and_ICTs/ICT4D-Legislation/eCom-Consumer-Protection-Laws.aspx;UNCTAD;Does the country have online consumer protection legislation?;;;;E-transaction Legislation Worldwide;nan;2023;"3=Legislation; 2=Draft Legislation; 1=No Legislation; 0=No Data"
106;2021.0;3;MYS;both;Online consumer protection;Marketplace;Product Safety;Legal framework national;MP_PS_LF_ONCOPR;https://unctad.org/en/Pages/DTL/STI_and_ICTs/ICT4D-Legislation/eCom-Consumer-Protection-Laws.aspx;UNCTAD;Does the country have online consumer protection legislation?;;;;E-transaction Legislation Worldwide;nan;2023;"3=Legislation; 2=Draft Legislation; 1=No Legislation; 0=No Data"
107;2021.0;2;MDV;both;Online consumer protection;Marketplace;Product Safety;Legal framework national;MP_PS_LF_ONCOPR;https://unctad.org/en/Pages/DTL/STI_and_ICTs/ICT4D-Legislation/eCom-Consumer-Protection-Laws.aspx;UNCTAD;Does the country have online consumer protection legislation?;;;;E-transaction Legislation Worldwide;nan;2023;"3=Legislation; 2=Draft Legislation; 1=No Legislation; 0=No Data"
108;2021.0;3;MLI;both;Online consumer protection;Marketplace;Product Safety;Legal framework national;MP_PS_LF_ONCOPR;https://unctad.org/en/Pages/DTL/STI_and_ICTs/ICT4D-Legislation/eCom-Consumer-Protection-Laws.aspx;UNCTAD;Does the country have online consumer protection legislation?;;;;E-transaction Legislation Worldwide;nan;2023;"3=Legislation; 2=Draft Legislation; 1=No Legislation; 0=No Data"
109;2021.0;3;MLT;both;Online consumer protection;Marketplace;Product Safety;Legal framework national;MP_PS_LF_ONCOPR;https://unctad.org/en/Pages/DTL/STI_and_ICTs/ICT4D-Legislation/eCom-Consumer-Protection-Laws.aspx;UNCTAD;Does the country have online consumer protection legislation?;;;;E-transaction Legislation Worldwide;nan;2023;"3=Legislation; 2=Draft Legislation; 1=No Legislation; 0=No Data"
110;2021.0;0;MHL;both;Online consumer protection;Marketplace;Product Safety;Legal framework national;MP_PS_LF_ONCOPR;https://unctad.org/en/Pages/DTL/STI_and_ICTs/ICT4D-Legislation/eCom-Consumer-Protection-Laws.aspx;UNCTAD;Does the country have online consumer protection legislation?;;;;E-transaction Legislation Worldwide;nan;2023;"3=Legislation; 2=Draft Legislation; 1=No Legislation; 0=No Data"
111;2021.0;3;MRT;both;Online consumer protection;Marketplace;Product Safety;Legal framework national;MP_PS_LF_ONCOPR;https://unctad.org/en/Pages/DTL/STI_and_ICTs/ICT4D-Legislation/eCom-Consumer-Protection-Laws.aspx;UNCTAD;Does the country have online consumer protection legislation?;;;;E-transaction Legislation Worldwide;nan;2023;"3=Legislation; 2=Draft Legislation; 1=No Legislation; 0=No Data"
112;2021.0;3;MUS;both;Online consumer protection;Marketplace;Product Safety;Legal framework national;MP_PS_LF_ONCOPR;https://unctad.org/en/Pages/DTL/STI_and_ICTs/ICT4D-Legislation/eCom-Consumer-Protection-Laws.aspx;UNCTAD;Does the country have online consumer protection legislation?;;;;E-transaction Legislation Worldwide;nan;2023;"3=Legislation; 2=Draft Legislation; 1=No Legislation; 0=No Data"
113;2021.0;3;MEX;both;Online consumer protection;Marketplace;Product Safety;Legal framework national;MP_PS_LF_ONCOPR;https://unctad.org/en/Pages/DTL/STI_and_ICTs/ICT4D-Legislation/eCom-Consumer-Protection-Laws.aspx;UNCTAD;Does the country have online consumer protection legislation?;;;;E-transaction Legislation Worldwide;nan;2023;"3=Legislation; 2=Draft Legislation; 1=No Legislation; 0=No Data"
114;2021.0;0;FSM;both;Online consumer protection;Marketplace;Product Safety;Legal framework national;MP_PS_LF_ONCOPR;https://unctad.org/en/Pages/DTL/STI_and_ICTs/ICT4D-Legislation/eCom-Consumer-Protection-Laws.aspx;UNCTAD;Does the country have online consumer protection legislation?;;;;E-transaction Legislation Worldwide;nan;2023;"3=Legislation; 2=Draft Legislation; 1=No Legislation; 0=No Data"
115;2021.0;3;MDA;both;Online consumer protection;Marketplace;Product Safety;Legal framework national;MP_PS_LF_ONCOPR;https://unctad.org/en/Pages/DTL/STI_and_ICTs/ICT4D-Legislation/eCom-Consumer-Protection-Laws.aspx;UNCTAD;Does the country have online consumer protection legislation?;;;;E-transaction Legislation Worldwide;nan;2023;"3=Legislation; 2=Draft Legislation; 1=No Legislation; 0=No Data"
116;2021.0;3;MCO;both;Online consumer protection;Marketplace;Product Safety;Legal framework national;MP_PS_LF_ONCOPR;https://unctad.org/en/Pages/DTL/STI_and_ICTs/ICT4D-Legislation/eCom-Consumer-Protection-Laws.aspx;UNCTAD;Does the country have online consumer protection legislation?;;;;E-transaction Legislation Worldwide;nan;2023;"3=Legislation; 2=Draft Legislation; 1=No Legislation; 0=No Data"
117;2021.0;3;MNG;both;Online consumer protection;Marketplace;Product Safety;Legal framework national;MP_PS_LF_ONCOPR;https://unctad.org/en/Pages/DTL/STI_and_ICTs/ICT4D-Legislation/eCom-Consumer-Protection-Laws.aspx;UNCTAD;Does the country have online consumer protection legislation?;;;;E-transaction Legislation Worldwide;nan;2023;"3=Legislation; 2=Draft Legislation; 1=No Legislation; 0=No Data"
118;2021.0;3;MNE;both;Online consumer protection;Marketplace;Product Safety;Legal framework national;MP_PS_LF_ONCOPR;https://unctad.org/en/Pages/DTL/STI_and_ICTs/ICT4D-Legislation/eCom-Consumer-Protection-Laws.aspx;UNCTAD;Does the country have online consumer protection legislation?;;;;E-transaction Legislation Worldwide;nan;2023;"3=Legislation; 2=Draft Legislation; 1=No Legislation; 0=No Data"
119;2021.0;3;MAR;both;Online consumer protection;Marketplace;Product Safety;Legal framework national;MP_PS_LF_ONCOPR;https://unctad.org/en/Pages/DTL/STI_and_ICTs/ICT4D-Legislation/eCom-Consumer-Protection-Laws.aspx;UNCTAD;Does the country have online consumer protection legislation?;;;;E-transaction Legislation Worldwide;nan;2023;"3=Legislation; 2=Draft Legislation; 1=No Legislation; 0=No Data"
120;2021.0;3;MOZ;both;Online consumer protection;Marketplace;Product Safety;Legal framework national;MP_PS_LF_ONCOPR;https://unctad.org/en/Pages/DTL/STI_and_ICTs/ICT4D-Legislation/eCom-Consumer-Protection-Laws.aspx;UNCTAD;Does the country have online consumer protection legislation?;;;;E-transaction Legislation Worldwide;nan;2023;"3=Legislation; 2=Draft Legislation; 1=No Legislation; 0=No Data"
121;2021.0;3;MMR;both;Online consumer protection;Marketplace;Product Safety;Legal framework national;MP_PS_LF_ONCOPR;https://unctad.org/en/Pages/DTL/STI_and_ICTs/ICT4D-Legislation/eCom-Consumer-Protection-Laws.aspx;UNCTAD;Does the country have online consumer protection legislation?;;;;E-transaction Legislation Worldwide;nan;2023;"3=Legislation; 2=Draft Legislation; 1=No Legislation; 0=No Data"
122;2021.0;2;NAM;both;Online consumer protection;Marketplace;Product Safety;Legal framework national;MP_PS_LF_ONCOPR;https://unctad.org/en/Pages/DTL/STI_and_ICTs/ICT4D-Legislation/eCom-Consumer-Protection-Laws.aspx;UNCTAD;Does the country have online consumer protection legislation?;;;;E-transaction Legislation Worldwide;nan;2023;"3=Legislation; 2=Draft Legislation; 1=No Legislation; 0=No Data"
123;2021.0;0;NRU;both;Online consumer protection;Marketplace;Product Safety;Legal framework national;MP_PS_LF_ONCOPR;https://unctad.org/en/Pages/DTL/STI_and_ICTs/ICT4D-Legislation/eCom-Consumer-Protection-Laws.aspx;UNCTAD;Does the country have online consumer protection legislation?;;;;E-transaction Legislation Worldwide;nan;2023;"3=Legislation; 2=Draft Legislation; 1=No Legislation; 0=No Data"
124;2021.0;3;NPL;both;Online consumer protection;Marketplace;Product Safety;Legal framework national;MP_PS_LF_ONCOPR;https://unctad.org/en/Pages/DTL/STI_and_ICTs/ICT4D-Legislation/eCom-Consumer-Protection-Laws.aspx;UNCTAD;Does the country have online consumer protection legislation?;;;;E-transaction Legislation Worldwide;nan;2023;"3=Legislation; 2=Draft Legislation; 1=No Legislation; 0=No Data"
125;2021.0;3;NLD;both;Online consumer protection;Marketplace;Product Safety;Legal framework national;MP_PS_LF_ONCOPR;https://unctad.org/en/Pages/DTL/STI_and_ICTs/ICT4D-Legislation/eCom-Consumer-Protection-Laws.aspx;UNCTAD;Does the country have online consumer protection legislation?;;;;E-transaction Legislation Worldwide;nan;2023;"3=Legislation; 2=Draft Legislation; 1=No Legislation; 0=No Data"
126;2021.0;3;NZL;both;Online consumer protection;Marketplace;Product Safety;Legal framework national;MP_PS_LF_ONCOPR;https://unctad.org/en/Pages/DTL/STI_and_ICTs/ICT4D-Legislation/eCom-Consumer-Protection-Laws.aspx;UNCTAD;Does the country have online consumer protection legislation?;;;;E-transaction Legislation Worldwide;nan;2023;"3=Legislation; 2=Draft Legislation; 1=No Legislation; 0=No Data"
127;2021.0;3;NIC;both;Online consumer protection;Marketplace;Product Safety;Legal framework national;MP_PS_LF_ONCOPR;https://unctad.org/en/Pages/DTL/STI_and_ICTs/ICT4D-Legislation/eCom-Consumer-Protection-Laws.aspx;UNCTAD;Does the country have online consumer protection legislation?;;;;E-transaction Legislation Worldwide;nan;2023;"3=Legislation; 2=Draft Legislation; 1=No Legislation; 0=No Data"
128;2021.0;3;NER;both;Online consumer protection;Marketplace;Product Safety;Legal framework national;MP_PS_LF_ONCOPR;https://unctad.org/en/Pages/DTL/STI_and_ICTs/ICT4D-Legislation/eCom-Consumer-Protection-Laws.aspx;UNCTAD;Does the country have online consumer protection legislation?;;;;E-transaction Legislation Worldwide;nan;2023;"3=Legislation; 2=Draft Legislation; 1=No Legislation; 0=No Data"
129;2021.0;2;NGA;both;Online consumer protection;Marketplace;Product Safety;Legal framework national;MP_PS_LF_ONCOPR;https://unctad.org/en/Pages/DTL/STI_and_ICTs/ICT4D-Legislation/eCom-Consumer-Protection-Laws.aspx;UNCTAD;Does the country have online consumer protection legislation?;;;;E-transaction Legislation Worldwide;nan;2023;"3=Legislation; 2=Draft Legislation; 1=No Legislation; 0=No Data"
130;2021.0;3;NOR;both;Online consumer protection;Marketplace;Product Safety;Legal framework national;MP_PS_LF_ONCOPR;https://unctad.org/en/Pages/DTL/STI_and_ICTs/ICT4D-Legislation/eCom-Consumer-Protection-Laws.aspx;UNCTAD;Does the country have online consumer protection legislation?;;;;E-transaction Legislation Worldwide;nan;2023;"3=Legislation; 2=Draft Legislation; 1=No Legislation; 0=No Data"
131;2021.0;3;OMN;both;Online consumer protection;Marketplace;Product Safety;Legal framework national;MP_PS_LF_ONCOPR;https://unctad.org/en/Pages/DTL/STI_and_ICTs/ICT4D-Legislation/eCom-Consumer-Protection-Laws.aspx;UNCTAD;Does the country have online consumer protection legislation?;;;;E-transaction Legislation Worldwide;nan;2023;"3=Legislation; 2=Draft Legislation; 1=No Legislation; 0=No Data"
132;2021.0;3;PAK;both;Online consumer protection;Marketplace;Product Safety;Legal framework national;MP_PS_LF_ONCOPR;https://unctad.org/en/Pages/DTL/STI_and_ICTs/ICT4D-Legislation/eCom-Consumer-Protection-Laws.aspx;UNCTAD;Does the country have online consumer protection legislation?;;;;E-transaction Legislation Worldwide;nan;2023;"3=Legislation; 2=Draft Legislation; 1=No Legislation; 0=No Data"
133;2021.0;0;PLW;both;Online consumer protection;Marketplace;Product Safety;Legal framework national;MP_PS_LF_ONCOPR;https://unctad.org/en/Pages/DTL/STI_and_ICTs/ICT4D-Legislation/eCom-Consumer-Protection-Laws.aspx;UNCTAD;Does the country have online consumer protection legislation?;;;;E-transaction Legislation Worldwide;nan;2023;"3=Legislation; 2=Draft Legislation; 1=No Legislation; 0=No Data"
134;2021.0;0;PSE;both;Online consumer protection;Marketplace;Product Safety;Legal framework national;MP_PS_LF_ONCOPR;https://unctad.org/en/Pages/DTL/STI_and_ICTs/ICT4D-Legislation/eCom-Consumer-Protection-Laws.aspx;UNCTAD;Does the country have online consumer protection legislation?;;;;E-transaction Legislation Worldwide;nan;2023;"3=Legislation; 2=Draft Legislation; 1=No Legislation; 0=No Data"
135;2021.0;3;PAN;both;Online consumer protection;Marketplace;Product Safety;Legal framework national;MP_PS_LF_ONCOPR;https://unctad.org/en/Pages/DTL/STI_and_ICTs/ICT4D-Legislation/eCom-Consumer-Protection-Laws.aspx;UNCTAD;Does the country have online consumer protection legislation?;;;;E-transaction Legislation Worldwide;nan;2023;"3=Legislation; 2=Draft Legislation; 1=No Legislation; 0=No Data"
136;2021.0;0;PNG;both;Online consumer protection;Marketplace;Product Safety;Legal framework national;MP_PS_LF_ONCOPR;https://unctad.org/en/Pages/DTL/STI_and_ICTs/ICT4D-Legislation/eCom-Consumer-Protection-Laws.aspx;UNCTAD;Does the country have online consumer protection legislation?;;;;E-transaction Legislation Worldwide;nan;2023;"3=Legislation; 2=Draft Legislation; 1=No Legislation; 0=No Data"
137;2021.0;3;PRY;both;Online consumer protection;Marketplace;Product Safety;Legal framework national;MP_PS_LF_ONCOPR;https://unctad.org/en/Pages/DTL/STI_and_ICTs/ICT4D-Legislation/eCom-Consumer-Protection-Laws.aspx;UNCTAD;Does the country have online consumer protection legislation?;;;;E-transaction Legislation Worldwide;nan;2023;"3=Legislation; 2=Draft Legislation; 1=No Legislation; 0=No Data"
138;2021.0;3;PER;both;Online consumer protection;Marketplace;Product Safety;Legal framework national;MP_PS_LF_ONCOPR;https://unctad.org/en/Pages/DTL/STI_and_ICTs/ICT4D-Legislation/eCom-Consumer-Protection-Laws.aspx;UNCTAD;Does the country have online consumer protection legislation?;;;;E-transaction Legislation Worldwide;nan;2023;"3=Legislation; 2=Draft Legislation; 1=No Legislation; 0=No Data"
139;2021.0;3;PHL;both;Online consumer protection;Marketplace;Product Safety;Legal framework national;MP_PS_LF_ONCOPR;https://unctad.org/en/Pages/DTL/STI_and_ICTs/ICT4D-Legislation/eCom-Consumer-Protection-Laws.aspx;UNCTAD;Does the country have online consumer protection legislation?;;;;E-transaction Legislation Worldwide;nan;2023;"3=Legislation; 2=Draft Legislation; 1=No Legislation; 0=No Data"
140;2021.0;3;POL;both;Online consumer protection;Marketplace;Product Safety;Legal framework national;MP_PS_LF_ONCOPR;https://unctad.org/en/Pages/DTL/STI_and_ICTs/ICT4D-Legislation/eCom-Consumer-Protection-Laws.aspx;UNCTAD;Does the country have online consumer protection legislation?;;;;E-transaction Legislation Worldwide;nan;2023;"3=Legislation; 2=Draft Legislation; 1=No Legislation; 0=No Data"
141;2021.0;3;PRT;both;Online consumer protection;Marketplace;Product Safety;Legal framework national;MP_PS_LF_ONCOPR;https://unctad.org/en/Pages/DTL/STI_and_ICTs/ICT4D-Legislation/eCom-Consumer-Protection-Laws.aspx;UNCTAD;Does the country have online consumer protection legislation?;;;;E-transaction Legislation Worldwide;nan;2023;"3=Legislation; 2=Draft Legislation; 1=No Legislation; 0=No Data"
142;2021.0;3;QAT;both;Online consumer protection;Marketplace;Product Safety;Legal framework national;MP_PS_LF_ONCOPR;https://unctad.org/en/Pages/DTL/STI_and_ICTs/ICT4D-Legislation/eCom-Consumer-Protection-Laws.aspx;UNCTAD;Does the country have online consumer protection legislation?;;;;E-transaction Legislation Worldwide;nan;2023;"3=Legislation; 2=Draft Legislation; 1=No Legislation; 0=No Data"
143;2021.0;3;ROU;both;Online consumer protection;Marketplace;Product Safety;Legal framework national;MP_PS_LF_ONCOPR;https://unctad.org/en/Pages/DTL/STI_and_ICTs/ICT4D-Legislation/eCom-Consumer-Protection-Laws.aspx;UNCTAD;Does the country have online consumer protection legislation?;;;;E-transaction Legislation Worldwide;nan;2023;"3=Legislation; 2=Draft Legislation; 1=No Legislation; 0=No Data"
144;2021.0;3;RUS;both;Online consumer protection;Marketplace;Product Safety;Legal framework national;MP_PS_LF_ONCOPR;https://unctad.org/en/Pages/DTL/STI_and_ICTs/ICT4D-Legislation/eCom-Consumer-Protection-Laws.aspx;UNCTAD;Does the country have online consumer protection legislation?;;;;E-transaction Legislation Worldwide;nan;2023;"3=Legislation; 2=Draft Legislation; 1=No Legislation; 0=No Data"
145;2021.0;3;RWA;both;Online consumer protection;Marketplace;Product Safety;Legal framework national;MP_PS_LF_ONCOPR;https://unctad.org/en/Pages/DTL/STI_and_ICTs/ICT4D-Legislation/eCom-Consumer-Protection-Laws.aspx;UNCTAD;Does the country have online consumer protection legislation?;;;;E-transaction Legislation Worldwide;nan;2023;"3=Legislation; 2=Draft Legislation; 1=No Legislation; 0=No Data"
146;2021.0;3;KNA;both;Online consumer protection;Marketplace;Product Safety;Legal framework national;MP_PS_LF_ONCOPR;https://unctad.org/en/Pages/DTL/STI_and_ICTs/ICT4D-Legislation/eCom-Consumer-Protection-Laws.aspx;UNCTAD;Does the country have online consumer protection legislation?;;;;E-transaction Legislation Worldwide;nan;2023;"3=Legislation; 2=Draft Legislation; 1=No Legislation; 0=No Data"
147;2021.0;3;LCA;both;Online consumer protection;Marketplace;Product Safety;Legal framework national;MP_PS_LF_ONCOPR;https://unctad.org/en/Pages/DTL/STI_and_ICTs/ICT4D-Legislation/eCom-Consumer-Protection-Laws.aspx;UNCTAD;Does the country have online consumer protection legislation?;;;;E-transaction Legislation Worldwide;nan;2023;"3=Legislation; 2=Draft Legislation; 1=No Legislation; 0=No Data"
148;2021.0;3;VCT;both;Online consumer protection;Marketplace;Product Safety;Legal framework national;MP_PS_LF_ONCOPR;https://unctad.org/en/Pages/DTL/STI_and_ICTs/ICT4D-Legislation/eCom-Consumer-Protection-Laws.aspx;UNCTAD;Does the country have online consumer protection legislation?;;;;E-transaction Legislation Worldwide;nan;2023;"3=Legislation; 2=Draft Legislation; 1=No Legislation; 0=No Data"
149;2021.0;3;WSM;both;Online consumer protection;Marketplace;Product Safety;Legal framework national;MP_PS_LF_ONCOPR;https://unctad.org/en/Pages/DTL/STI_and_ICTs/ICT4D-Legislation/eCom-Consumer-Protection-Laws.aspx;UNCTAD;Does the country have online consumer protection legislation?;;;;E-transaction Legislation Worldwide;nan;2023;"3=Legislation; 2=Draft Legislation; 1=No Legislation; 0=No Data"
150;2021.0;3;SMR;both;Online consumer protection;Marketplace;Product Safety;Legal framework national;MP_PS_LF_ONCOPR;https://unctad.org/en/Pages/DTL/STI_and_ICTs/ICT4D-Legislation/eCom-Consumer-Protection-Laws.aspx;UNCTAD;Does the country have online consumer protection legislation?;;;;E-transaction Legislation Worldwide;nan;2023;"3=Legislation; 2=Draft Legislation; 1=No Legislation; 0=No Data"
151;2021.0;0;STP;both;Online consumer protection;Marketplace;Product Safety;Legal framework national;MP_PS_LF_ONCOPR;https://unctad.org/en/Pages/DTL/STI_and_ICTs/ICT4D-Legislation/eCom-Consumer-Protection-Laws.aspx;UNCTAD;Does the country have online consumer protection legislation?;;;;E-transaction Legislation Worldwide;nan;2023;"3=Legislation; 2=Draft Legislation; 1=No Legislation; 0=No Data"
152;2021.0;3;SAU;both;Online consumer protection;Marketplace;Product Safety;Legal framework national;MP_PS_LF_ONCOPR;https://unctad.org/en/Pages/DTL/STI_and_ICTs/ICT4D-Legislation/eCom-Consumer-Protection-Laws.aspx;UNCTAD;Does the country have online consumer protection legislation?;;;;E-transaction Legislation Worldwide;nan;2023;"3=Legislation; 2=Draft Legislation; 1=No Legislation; 0=No Data"
153;2021.0;3;SEN;both;Online consumer protection;Marketplace;Product Safety;Legal framework national;MP_PS_LF_ONCOPR;https://unctad.org/en/Pages/DTL/STI_and_ICTs/ICT4D-Legislation/eCom-Consumer-Protection-Laws.aspx;UNCTAD;Does the country have online consumer protection legislation?;;;;E-transaction Legislation Worldwide;nan;2023;"3=Legislation; 2=Draft Legislation; 1=No Legislation; 0=No Data"
154;2021.0;3;SRB;both;Online consumer protection;Marketplace;Product Safety;Legal framework national;MP_PS_LF_ONCOPR;https://unctad.org/en/Pages/DTL/STI_and_ICTs/ICT4D-Legislation/eCom-Consumer-Protection-Laws.aspx;UNCTAD;Does the country have online consumer protection legislation?;;;;E-transaction Legislation Worldwide;nan;2023;"3=Legislation; 2=Draft Legislation; 1=No Legislation; 0=No Data"
155;2021.0;3;SYC;both;Online consumer protection;Marketplace;Product Safety;Legal framework national;MP_PS_LF_ONCOPR;https://unctad.org/en/Pages/DTL/STI_and_ICTs/ICT4D-Legislation/eCom-Consumer-Protection-Laws.aspx;UNCTAD;Does the country have online consumer protection legislation?;;;;E-transaction Legislation Worldwide;nan;2023;"3=Legislation; 2=Draft Legislation; 1=No Legislation; 0=No Data"
156;2021.0;1;SLE;both;Online consumer protection;Marketplace;Product Safety;Legal framework national;MP_PS_LF_ONCOPR;https://unctad.org/en/Pages/DTL/STI_and_ICTs/ICT4D-Legislation/eCom-Consumer-Protection-Laws.aspx;UNCTAD;Does the country have online consumer protection legislation?;;;;E-transaction Legislation Worldwide;nan;2023;"3=Legislation; 2=Draft Legislation; 1=No Legislation; 0=No Data"
157;2021.0;3;SGP;both;Online consumer protection;Marketplace;Product Safety;Legal framework national;MP_PS_LF_ONCOPR;https://unctad.org/en/Pages/DTL/STI_and_ICTs/ICT4D-Legislation/eCom-Consumer-Protection-Laws.aspx;UNCTAD;Does the country have online consumer protection legislation?;;;;E-transaction Legislation Worldwide;nan;2023;"3=Legislation; 2=Draft Legislation; 1=No Legislation; 0=No Data"
158;2021.0;3;SVK;both;Online consumer protection;Marketplace;Product Safety;Legal framework national;MP_PS_LF_ONCOPR;https://unctad.org/en/Pages/DTL/STI_and_ICTs/ICT4D-Legislation/eCom-Consumer-Protection-Laws.aspx;UNCTAD;Does the country have online consumer protection legislation?;;;;E-transaction Legislation Worldwide;nan;2023;"3=Legislation; 2=Draft Legislation; 1=No Legislation; 0=No Data"
159;2021.0;3;SVN;both;Online consumer protection;Marketplace;Product Safety;Legal framework national;MP_PS_LF_ONCOPR;https://unctad.org/en/Pages/DTL/STI_and_ICTs/ICT4D-Legislation/eCom-Consumer-Protection-Laws.aspx;UNCTAD;Does the country have online consumer protection legislation?;;;;E-transaction Legislation Worldwide;nan;2023;"3=Legislation; 2=Draft Legislation; 1=No Legislation; 0=No Data"
160;2021.0;3;SLB;both;Online consumer protection;Marketplace;Product Safety;Legal framework national;MP_PS_LF_ONCOPR;https://unctad.org/en/Pages/DTL/STI_and_ICTs/ICT4D-Legislation/eCom-Consumer-Protection-Laws.aspx;UNCTAD;Does the country have online consumer protection legislation?;;;;E-transaction Legislation Worldwide;nan;2023;"3=Legislation; 2=Draft Legislation; 1=No Legislation; 0=No Data"
161;2021.0;0;SOM;both;Online consumer protection;Marketplace;Product Safety;Legal framework national;MP_PS_LF_ONCOPR;https://unctad.org/en/Pages/DTL/STI_and_ICTs/ICT4D-Legislation/eCom-Consumer-Protection-Laws.aspx;UNCTAD;Does the country have online consumer protection legislation?;;;;E-transaction Legislation Worldwide;nan;2023;"3=Legislation; 2=Draft Legislation; 1=No Legislation; 0=No Data"
162;2021.0;3;ZAF;both;Online consumer protection;Marketplace;Product Safety;Legal framework national;MP_PS_LF_ONCOPR;https://unctad.org/en/Pages/DTL/STI_and_ICTs/ICT4D-Legislation/eCom-Consumer-Protection-Laws.aspx;UNCTAD;Does the country have online consumer protection legislation?;;;;E-transaction Legislation Worldwide;nan;2023;"3=Legislation; 2=Draft Legislation; 1=No Legislation; 0=No Data"
163;2021.0;0;SSD;both;Online consumer protection;Marketplace;Product Safety;Legal framework national;MP_PS_LF_ONCOPR;https://unctad.org/en/Pages/DTL/STI_and_ICTs/ICT4D-Legislation/eCom-Consumer-Protection-Laws.aspx;UNCTAD;Does the country have online consumer protection legislation?;;;;E-transaction Legislation Worldwide;nan;2023;"3=Legislation; 2=Draft Legislation; 1=No Legislation; 0=No Data"
164;2021.0;3;ESP;both;Online consumer protection;Marketplace;Product Safety;Legal framework national;MP_PS_LF_ONCOPR;https://unctad.org/en/Pages/DTL/STI_and_ICTs/ICT4D-Legislation/eCom-Consumer-Protection-Laws.aspx;UNCTAD;Does the country have online consumer protection legislation?;;;;E-transaction Legislation Worldwide;nan;2023;"3=Legislation; 2=Draft Legislation; 1=No Legislation; 0=No Data"
165;2021.0;3;LKA;both;Online consumer protection;Marketplace;Product Safety;Legal framework national;MP_PS_LF_ONCOPR;https://unctad.org/en/Pages/DTL/STI_and_ICTs/ICT4D-Legislation/eCom-Consumer-Protection-Laws.aspx;UNCTAD;Does the country have online consumer protection legislation?;;;;E-transaction Legislation Worldwide;nan;2023;"3=Legislation; 2=Draft Legislation; 1=No Legislation; 0=No Data"
166;2021.0;3;SDN;both;Online consumer protection;Marketplace;Product Safety;Legal framework national;MP_PS_LF_ONCOPR;https://unctad.org/en/Pages/DTL/STI_and_ICTs/ICT4D-Legislation/eCom-Consumer-Protection-Laws.aspx;UNCTAD;Does the country have online consumer protection legislation?;;;;E-transaction Legislation Worldwide;nan;2023;"3=Legislation; 2=Draft Legislation; 1=No Legislation; 0=No Data"
167;2021.0;2;SUR;both;Online consumer protection;Marketplace;Product Safety;Legal framework national;MP_PS_LF_ONCOPR;https://unctad.org/en/Pages/DTL/STI_and_ICTs/ICT4D-Legislation/eCom-Consumer-Protection-Laws.aspx;UNCTAD;Does the country have online consumer protection legislation?;;;;E-transaction Legislation Worldwide;nan;2023;"3=Legislation; 2=Draft Legislation; 1=No Legislation; 0=No Data"
168;2021.0;3;SWE;both;Online consumer protection;Marketplace;Product Safety;Legal framework national;MP_PS_LF_ONCOPR;https://unctad.org/en/Pages/DTL/STI_and_ICTs/ICT4D-Legislation/eCom-Consumer-Protection-Laws.aspx;UNCTAD;Does the country have online consumer protection legislation?;;;;E-transaction Legislation Worldwide;nan;2023;"3=Legislation; 2=Draft Legislation; 1=No Legislation; 0=No Data"
169;2021.0;3;CHE;both;Online consumer protection;Marketplace;Product Safety;Legal framework national;MP_PS_LF_ONCOPR;https://unctad.org/en/Pages/DTL/STI_and_ICTs/ICT4D-Legislation/eCom-Consumer-Protection-Laws.aspx;UNCTAD;Does the country have online consumer protection legislation?;;;;E-transaction Legislation Worldwide;nan;2023;"3=Legislation; 2=Draft Legislation; 1=No Legislation; 0=No Data"
170;2021.0;3;SYR;both;Online consumer protection;Marketplace;Product Safety;Legal framework national;MP_PS_LF_ONCOPR;https://unctad.org/en/Pages/DTL/STI_and_ICTs/ICT4D-Legislation/eCom-Consumer-Protection-Laws.aspx;UNCTAD;Does the country have online consumer protection legislation?;;;;E-transaction Legislation Worldwide;nan;2023;"3=Legislation; 2=Draft Legislation; 1=No Legislation; 0=No Data"
171;2021.0;3;TJK;both;Online consumer protection;Marketplace;Product Safety;Legal framework national;MP_PS_LF_ONCOPR;https://unctad.org/en/Pages/DTL/STI_and_ICTs/ICT4D-Legislation/eCom-Consumer-Protection-Laws.aspx;UNCTAD;Does the country have online consumer protection legislation?;;;;E-transaction Legislation Worldwide;nan;2023;"3=Legislation; 2=Draft Legislation; 1=No Legislation; 0=No Data"
172;2021.0;3;TZA;both;Online consumer protection;Marketplace;Product Safety;Legal framework national;MP_PS_LF_ONCOPR;https://unctad.org/en/Pages/DTL/STI_and_ICTs/ICT4D-Legislation/eCom-Consumer-Protection-Laws.aspx;UNCTAD;Does the country have online consumer protection legislation?;;;;E-transaction Legislation Worldwide;nan;2023;"3=Legislation; 2=Draft Legislation; 1=No Legislation; 0=No Data"
173;2021.0;3;THA;both;Online consumer protection;Marketplace;Product Safety;Legal framework national;MP_PS_LF_ONCOPR;https://unctad.org/en/Pages/DTL/STI_and_ICTs/ICT4D-Legislation/eCom-Consumer-Protection-Laws.aspx;UNCTAD;Does the country have online consumer protection legislation?;;;;E-transaction Legislation Worldwide;nan;2023;"3=Legislation; 2=Draft Legislation; 1=No Legislation; 0=No Data"
174;2021.0;0;TLS;both;Online consumer protection;Marketplace;Product Safety;Legal framework national;MP_PS_LF_ONCOPR;https://unctad.org/en/Pages/DTL/STI_and_ICTs/ICT4D-Legislation/eCom-Consumer-Protection-Laws.aspx;UNCTAD;Does the country have online consumer protection legislation?;;;;E-transaction Legislation Worldwide;nan;2023;"3=Legislation; 2=Draft Legislation; 1=No Legislation; 0=No Data"
175;2021.0;3;TGO;both;Online consumer protection;Marketplace;Product Safety;Legal framework national;MP_PS_LF_ONCOPR;https://unctad.org/en/Pages/DTL/STI_and_ICTs/ICT4D-Legislation/eCom-Consumer-Protection-Laws.aspx;UNCTAD;Does the country have online consumer protection legislation?;;;;E-transaction Legislation Worldwide;nan;2023;"3=Legislation; 2=Draft Legislation; 1=No Legislation; 0=No Data"
176;2021.0;3;TON;both;Online consumer protection;Marketplace;Product Safety;Legal framework national;MP_PS_LF_ONCOPR;https://unctad.org/en/Pages/DTL/STI_and_ICTs/ICT4D-Legislation/eCom-Consumer-Protection-Laws.aspx;UNCTAD;Does the country have online consumer protection legislation?;;;;E-transaction Legislation Worldwide;nan;2023;"3=Legislation; 2=Draft Legislation; 1=No Legislation; 0=No Data"
177;2021.0;3;TTO;both;Online consumer protection;Marketplace;Product Safety;Legal framework national;MP_PS_LF_ONCOPR;https://unctad.org/en/Pages/DTL/STI_and_ICTs/ICT4D-Legislation/eCom-Consumer-Protection-Laws.aspx;UNCTAD;Does the country have online consumer protection legislation?;;;;E-transaction Legislation Worldwide;nan;2023;"3=Legislation; 2=Draft Legislation; 1=No Legislation; 0=No Data"
178;2021.0;3;TUN;both;Online consumer protection;Marketplace;Product Safety;Legal framework national;MP_PS_LF_ONCOPR;https://unctad.org/en/Pages/DTL/STI_and_ICTs/ICT4D-Legislation/eCom-Consumer-Protection-Laws.aspx;UNCTAD;Does the country have online consumer protection legislation?;;;;E-transaction Legislation Worldwide;nan;2023;"3=Legislation; 2=Draft Legislation; 1=No Legislation; 0=No Data"
179;2021.0;3;TUR;both;Online consumer protection;Marketplace;Product Safety;Legal framework national;MP_PS_LF_ONCOPR;https://unctad.org/en/Pages/DTL/STI_and_ICTs/ICT4D-Legislation/eCom-Consumer-Protection-Laws.aspx;UNCTAD;Does the country have online consumer protection legislation?;;;;E-transaction Legislation Worldwide;nan;2023;"3=Legislation; 2=Draft Legislation; 1=No Legislation; 0=No Data"
180;2021.0;3;TKM;both;Online consumer protection;Marketplace;Product Safety;Legal framework national;MP_PS_LF_ONCOPR;https://unctad.org/en/Pages/DTL/STI_and_ICTs/ICT4D-Legislation/eCom-Consumer-Protection-Laws.aspx;UNCTAD;Does the country have online consumer protection legislation?;;;;E-transaction Legislation Worldwide;nan;2023;"3=Legislation; 2=Draft Legislation; 1=No Legislation; 0=No Data"
181;2021.0;1;TUV;both;Online consumer protection;Marketplace;Product Safety;Legal framework national;MP_PS_LF_ONCOPR;https://unctad.org/en/Pages/DTL/STI_and_ICTs/ICT4D-Legislation/eCom-Consumer-Protection-Laws.aspx;UNCTAD;Does the country have online consumer protection legislation?;;;;E-transaction Legislation Worldwide;nan;2023;"3=Legislation; 2=Draft Legislation; 1=No Legislation; 0=No Data"
182;2021.0;3;UGA;both;Online consumer protection;Marketplace;Product Safety;Legal framework national;MP_PS_LF_ONCOPR;https://unctad.org/en/Pages/DTL/STI_and_ICTs/ICT4D-Legislation/eCom-Consumer-Protection-Laws.aspx;UNCTAD;Does the country have online consumer protection legislation?;;;;E-transaction Legislation Worldwide;nan;2023;"3=Legislation; 2=Draft Legislation; 1=No Legislation; 0=No Data"
183;2021.0;3;UKR;both;Online consumer protection;Marketplace;Product Safety;Legal framework national;MP_PS_LF_ONCOPR;https://unctad.org/en/Pages/DTL/STI_and_ICTs/ICT4D-Legislation/eCom-Consumer-Protection-Laws.aspx;UNCTAD;Does the country have online consumer protection legislation?;;;;E-transaction Legislation Worldwide;nan;2023;"3=Legislation; 2=Draft Legislation; 1=No Legislation; 0=No Data"
184;2021.0;3;ARE;both;Online consumer protection;Marketplace;Product Safety;Legal framework national;MP_PS_LF_ONCOPR;https://unctad.org/en/Pages/DTL/STI_and_ICTs/ICT4D-Legislation/eCom-Consumer-Protection-Laws.aspx;UNCTAD;Does the country have online consumer protection legislation?;;;;E-transaction Legislation Worldwide;nan;2023;"3=Legislation; 2=Draft Legislation; 1=No Legislation; 0=No Data"
185;2021.0;3;GBR;both;Online consumer protection;Marketplace;Product Safety;Legal framework national;MP_PS_LF_ONCOPR;https://unctad.org/en/Pages/DTL/STI_and_ICTs/ICT4D-Legislation/eCom-Consumer-Protection-Laws.aspx;UNCTAD;Does the country have online consumer protection legislation?;;;;E-transaction Legislation Worldwide;nan;2023;"3=Legislation; 2=Draft Legislation; 1=No Legislation; 0=No Data"
186;2021.0;3;USA;both;Online consumer protection;Marketplace;Product Safety;Legal framework national;MP_PS_LF_ONCOPR;https://unctad.org/en/Pages/DTL/STI_and_ICTs/ICT4D-Legislation/eCom-Consumer-Protection-Laws.aspx;UNCTAD;Does the country have online consumer protection legislation?;;;;E-transaction Legislation Worldwide;nan;2023;"3=Legislation; 2=Draft Legislation; 1=No Legislation; 0=No Data"
187;2021.0;3;URY;both;Online consumer protection;Marketplace;Product Safety;Legal framework national;MP_PS_LF_ONCOPR;https://unctad.org/en/Pages/DTL/STI_and_ICTs/ICT4D-Legislation/eCom-Consumer-Protection-Laws.aspx;UNCTAD;Does the country have online consumer protection legislation?;;;;E-transaction Legislation Worldwide;nan;2023;"3=Legislation; 2=Draft Legislation; 1=No Legislation; 0=No Data"
188;2021.0;3;UZB;both;Online consumer protection;Marketplace;Product Safety;Legal framework national;MP_PS_LF_ONCOPR;https://unctad.org/en/Pages/DTL/STI_and_ICTs/ICT4D-Legislation/eCom-Consumer-Protection-Laws.aspx;UNCTAD;Does the country have online consumer protection legislation?;;;;E-transaction Legislation Worldwide;nan;2023;"3=Legislation; 2=Draft Legislation; 1=No Legislation; 0=No Data"
189;2021.0;3;VUT;both;Online consumer protection;Marketplace;Product Safety;Legal framework national;MP_PS_LF_ONCOPR;https://unctad.org/en/Pages/DTL/STI_and_ICTs/ICT4D-Legislation/eCom-Consumer-Protection-Laws.aspx;UNCTAD;Does the country have online consumer protection legislation?;;;;E-transaction Legislation Worldwide;nan;2023;"3=Legislation; 2=Draft Legislation; 1=No Legislation; 0=No Data"
190;2021.0;3;VEN;both;Online consumer protection;Marketplace;Product Safety;Legal framework national;MP_PS_LF_ONCOPR;https://unctad.org/en/Pages/DTL/STI_and_ICTs/ICT4D-Legislation/eCom-Consumer-Protection-Laws.aspx;UNCTAD;Does the country have online consumer protection legislation?;;;;E-transaction Legislation Worldwide;nan;2023;"3=Legislation; 2=Draft Legislation; 1=No Legislation; 0=No Data"
191;2021.0;3;VNM;both;Online consumer protection;Marketplace;Product Safety;Legal framework national;MP_PS_LF_ONCOPR;https://unctad.org/en/Pages/DTL/STI_and_ICTs/ICT4D-Legislation/eCom-Consumer-Protection-Laws.aspx;UNCTAD;Does the country have online consumer protection legislation?;;;;E-transaction Legislation Worldwide;nan;2023;"3=Legislation; 2=Draft Legislation; 1=No Legislation; 0=No Data"
192;2021.0;3;YEM;both;Online consumer protection;Marketplace;Product Safety;Legal framework national;MP_PS_LF_ONCOPR;https://unctad.org/en/Pages/DTL/STI_and_ICTs/ICT4D-Legislation/eCom-Consumer-Protection-Laws.aspx;UNCTAD;Does the country have online consumer protection legislation?;;;;E-transaction Legislation Worldwide;nan;2023;"3=Legislation; 2=Draft Legislation; 1=No Legislation; 0=No Data"
193;2021.0;3;ZMB;both;Online consumer protection;Marketplace;Product Safety;Legal framework national;MP_PS_LF_ONCOPR;https://unctad.org/en/Pages/DTL/STI_and_ICTs/ICT4D-Legislation/eCom-Consumer-Protection-Laws.aspx;UNCTAD;Does the country have online consumer protection legislation?;;;;E-transaction Legislation Worldwide;nan;2023;"3=Legislation; 2=Draft Legislation; 1=No Legislation; 0=No Data"
194;2021.0;2;ZWE;both;Online consumer protection;Marketplace;Product Safety;Legal framework national;MP_PS_LF_ONCOPR;https://unctad.org/en/Pages/DTL/STI_and_ICTs/ICT4D-Legislation/eCom-Consumer-Protection-Laws.aspx;UNCTAD;Does the country have online consumer protection legislation?;;;;E-transaction Legislation Worldwide;nan;2023;"3=Legislation; 2=Draft Legislation; 1=No Legislation; 0=No Data"
