SOURCE_ID,JIRA_LINK
S-39, https://las-mic.atlassian.net/browse/CRBA-94?search_id=332d38f6-ce96-4cac-8e1c-ca05083bb97d
S-45, https://las-mic.atlassian.net/browse/CRBA-94?search_id=2a4ca4d1-54bd-4958-a158-894172c3dc1c
S-60, https://las-mic.atlassian.net/browse/CRBA-119?search_id=26ceebd7-ee66-4542-8ef0-938118533d83
S-61, https://las-mic.atlassian.net/browse/CRBA-119?search_id=26ceebd7-ee66-4542-8ef0-938118533d83
S-84, https://las-mic.atlassian.net/browse/CRBA-75?search_id=cb20369d-e458-4198-89bf-86158afe3849
S-94, https://las-mic.atlassian.net/browse/CRBA-121?search_id=c603b926-078b-47c8-990d-940d3e0f2502
S-95, https://las-mic.atlassian.net/browse/CRBA-121?search_id=c603b926-078b-47c8-990d-940d3e0f2502
S-96, https://las-mic.atlassian.net/browse/CRBA-121?search_id=c603b926-078b-47c8-990d-940d3e0f2502
S-100, https://las-mic.atlassian.net/browse/CRBA-98?search_id=552600f2-1b4d-4ccc-8f41-33d438ff0b57
S-104, https://las-mic.atlassian.net/browse/CRBA-122?search_id=5a744ce5-8ac4-462a-8b31-616d7d37c044
S-129, https://las-mic.atlassian.net/browse/CRBA-88?search_id=39495308-a610-49a6-a5a7-e0e61e5a651b
S-131, https://las-mic.atlassian.net/browse/CRBA-88?search_id=39495308-a610-49a6-a5a7-e0e61e5a651b
S-132, https://las-mic.atlassian.net/browse/CRBA-88?search_id=39495308-a610-49a6-a5a7-e0e61e5a651b
S-133, https://las-mic.atlassian.net/browse/CRBA-88?search_id=39495308-a610-49a6-a5a7-e0e61e5a651b
S-134, https://las-mic.atlassian.net/browse/CRBA-88?search_id=39495308-a610-49a6-a5a7-e0e61e5a651b
S-135, https://las-mic.atlassian.net/browse/CRBA-88?search_id=39495308-a610-49a6-a5a7-e0e61e5a651b
S-148, https://las-mic.atlassian.net/browse/CRBA-88?search_id=a019df90-7617-4335-aff1-b04cd97e00df
S-192, https://las-mic.atlassian.net/browse/CRBA-84?search_id=4d9307bd-c9e5-4d35-8c18-241ab44efa91
S-84, https://las-mic.atlassian.net/browse/CRBA-84?search_id=4d9307bd-c9e5-4d35-8c18-241ab44efa91
S-209, https://las-mic.atlassian.net/browse/CRBA-106?search_id=dc18b9c0-1364-4a2b-8ad9-f60f9a9663f1
S-212, https://las-mic.atlassian.net/browse/CRBA-88?search_id=2b89f558-b9b5-4a2d-90c5-747c23844f32
S-213, https://las-mic.atlassian.net/browse/CRBA-90?search_id=6b8e1c66-4fb0-48f3-ab95-70bed5759ff1
S-214, https://las-mic.atlassian.net/browse/CRBA-90?search_id=6b8e1c66-4fb0-48f3-ab95-70bed5759ff1
S-215, https://las-mic.atlassian.net/browse/CRBA-90?search_id=6b8e1c66-4fb0-48f3-ab95-70bed5759ff1
S-216, https://las-mic.atlassian.net/browse/CRBA-90?search_id=6b8e1c66-4fb0-48f3-ab95-70bed5759ff1
S-217, https://las-mic.atlassian.net/browse/CRBA-90?search_id=6b8e1c66-4fb0-48f3-ab95-70bed5759ff1